{"is_source_file": false, "format": "", "description": "", "external_files": [], "external_methods": [], "published": [], "classes": [], "methods": [], "calls": [], "search-terms": [], "state": 2, "file_id": 3, "knowledge_revision": 15, "git_revision": "97a70b901eca1d656858f17a567954d0891377ce", "hash": "d001d53c059625c4bcf75bf5a7f3fcf0", "format-version": 4, "code-base-name": "frontend_react_app", "filename": "frontend_react_app/package.json", "revision_history": [{"15": "97a70b901eca1d656858f17a567954d0891377ce"}]}