{"is_source_file": false, "format": "", "description": "", "external_files": [], "external_methods": [], "published": [], "classes": [], "methods": [], "calls": [], "search-terms": [], "state": 2, "file_id": 10, "knowledge_revision": 14, "git_revision": "97a70b901eca1d656858f17a567954d0891377ce", "hash": "6c2104b8d219ed99234ae2d6329f4357", "format-version": 4, "code-base-name": "frontend_react_app", "filename": "frontend_react_app/src/index.css", "revision_history": [{"14": "97a70b901eca1d656858f17a567954d0891377ce"}]}