{"is_source_file": false, "format": "", "description": "", "external_files": [], "external_methods": [], "published": [], "classes": [], "methods": [], "calls": [], "search-terms": [], "state": 2, "file_id": 2, "knowledge_revision": 18, "git_revision": "97a70b901eca1d656858f17a567954d0891377ce", "hash": "d9d975cebe2ec20b6c652e1e4c12ccf0", "format-version": 4, "code-base-name": "frontend_react_app", "filename": "frontend_react_app/public/manifest.json", "revision_history": [{"18": "97a70b901eca1d656858f17a567954d0891377ce"}]}