{"is_source_file": true, "format": "JavaScript (React JSX)", "description": "This file defines a React functional component named App that manages a theme state ('light' or 'dark') and toggles it via a button click, applying the theme as a data attribute on the document element. It also renders some static content including a logo, instructional text, and a link.", "external_files": ["./logo.svg", "./App.css"], "external_methods": ["React.useState", "React.useEffect"], "published": ["App"], "classes": [], "methods": [{"name": "App()", "description": "React functional component that manages theme state and renders the user interface.", "scope": "", "scopeKind": ""}, {"name": "toggleTheme", "description": "Function to toggle the theme between 'light' and 'dark'."}], "calls": ["React.useState", "React.useEffect", "document.documentElement.setAttribute", "setTheme", "prevTheme => prevTheme === 'light' ? 'dark' : 'light'", "console.log"], "search-terms": ["React component", "theme toggle", "useState", "useEffect", "document attribute", "App.js", "dark/light theme"], "state": 2, "file_id": 7, "knowledge_revision": 23, "git_revision": "97a70b901eca1d656858f17a567954d0891377ce", "ctags": [{"_type": "tag", "name": "App", "path": "/home/kavia/workspace/code-generation/lucid-ai-competitive-intelligence-dashboard-307375-307384/frontend_react_app/src/App.js", "pattern": "/^function App() {$/", "language": "JavaScript", "kind": "function", "signature": "()"}, {"_type": "tag", "name": "Switch to ${theme === 'light' ? 'dark' : 'light'} mode", "path": "/home/kavia/workspace/code-generation/lucid-ai-competitive-intelligence-dashboard-307375-307384/frontend_react_app/src/App.js", "pattern": "/^          aria-label={`Switch to ${theme === 'light' ? 'dark' : 'light'} mode`}$/", "language": "JavaScript", "kind": "field", "scope": "App.aria", "scopeKind": "class"}, {"_type": "tag", "name": "toggleTheme", "path": "/home/kavia/workspace/code-generation/lucid-ai-competitive-intelligence-dashboard-307375-307384/frontend_react_app/src/App.js", "pattern": "/^          onClick={toggleTheme}$/", "language": "JavaScript", "kind": "field", "scope": "App.onClick", "scopeKind": "class"}], "hash": "b55dd9e6a018e59207d8e277dffd9e11", "format-version": 4, "code-base-name": "frontend_react_app", "filename": "frontend_react_app/src/App.js", "fields": [{"name": "aria-label={`Switch to ${theme === 'light' ? 'dark' : 'light'} mode`}", "scope": "App.aria", "scopeKind": "class", "description": "unavailable"}, {"name": "onClick={toggleTheme}", "scope": "App.onClick", "scopeKind": "class", "description": "unavailable"}], "revision_history": [{"23": "97a70b901eca1d656858f17a567954d0891377ce"}]}