{"is_source_file": true, "format": "JavaScript (React)", "description": "This file serves as the entry point for a React application, setting up the root rendering and applying the main App component within React.StrictMode.", "external_files": ["react", "react-dom/client", "./index.css", "./App"], "external_methods": ["ReactDOM.createRoot", "root.render"], "published": [], "classes": [], "methods": [{"name": "render", "description": "Renders the React application into the DOM element with id 'root'."}], "calls": ["ReactDOM.createRoot", "root.render", "React.StrictMode", "App"], "search-terms": ["React", "ReactDOM", "render", "index.js", "root", "React.StrictMode"], "state": 2, "file_id": 8, "knowledge_revision": 21, "git_revision": "97a70b901eca1d656858f17a567954d0891377ce", "ctags": [{"_type": "tag", "name": "root", "path": "/home/kavia/workspace/code-generation/lucid-ai-competitive-intelligence-dashboard-307375-307384/frontend_react_app/src/index.js", "pattern": "/^const root = ReactDOM.createRoot(document.getElementById('root'));$/", "language": "JavaScript", "kind": "constant"}], "hash": "9fc5841375336fc175b49f8767a11383", "format-version": 4, "code-base-name": "frontend_react_app", "filename": "frontend_react_app/src/index.js", "revision_history": [{"21": "97a70b901eca1d656858f17a567954d0891377ce"}]}