{"is_source_file": false, "format": "", "description": "", "external_files": [], "external_methods": [], "published": [], "classes": [], "methods": [], "calls": [], "search-terms": [], "state": 2, "file_id": 4, "knowledge_revision": 17, "git_revision": "97a70b901eca1d656858f17a567954d0891377ce", "hash": "ebece526bc2eadd78ddd787a76c56607", "format-version": 4, "code-base-name": "frontend_react_app", "filename": "frontend_react_app/README.md", "revision_history": [{"17": "97a70b901eca1d656858f17a567954d0891377ce"}]}