{"is_source_file": false, "format": "", "description": "", "external_files": [], "external_methods": [], "published": [], "classes": [], "methods": [], "calls": [], "search-terms": [], "state": 2, "file_id": 1, "knowledge_revision": 13, "git_revision": "97a70b901eca1d656858f17a567954d0891377ce", "hash": "d2b40d02d5f7873d8a6713bad837edd4", "format-version": 4, "code-base-name": "frontend_react_app", "filename": "frontend_react_app/public/index.html", "revision_history": [{"13": "97a70b901eca1d656858f17a567954d0891377ce"}]}