{"is_source_file": true, "format": "JavaScript", "description": "This file configures testing setup for a React application using Jest. It imports custom matchers from '@testing-library/jest-dom' to enhance DOM assertions in tests.", "external_files": ["@testing-library/jest-dom"], "external_methods": ["expect().toHaveTextContent"], "published": [], "classes": [], "methods": [], "calls": ["import '@testing-library/jest-dom'"], "search-terms": ["setupTests.js", "jest-dom", "testing-library", "React testing configuration"], "state": 2, "file_id": 5, "knowledge_revision": 19, "git_revision": "97a70b901eca1d656858f17a567954d0891377ce", "ctags": [], "hash": "1a77571e1a8cf36018a41bcedf60db75", "format-version": 4, "code-base-name": "frontend_react_app", "filename": "frontend_react_app/src/setupTests.js", "revision_history": [{"19": "97a70b901eca1d656858f17a567954d0891377ce"}]}