{"is_source_file": false, "format": "", "description": "", "external_files": [], "external_methods": [], "published": [], "classes": [], "methods": [], "calls": [], "search-terms": [], "state": 2, "file_id": 6, "knowledge_revision": 16, "git_revision": "97a70b901eca1d656858f17a567954d0891377ce", "hash": "22f9e17cc1848b56dbb244518ac2707e", "format-version": 4, "code-base-name": "frontend_react_app", "filename": "frontend_react_app/src/App.css", "revision_history": [{"16": "97a70b901eca1d656858f17a567954d0891377ce"}]}