{"is_source_file": false, "format": "", "description": "", "external_files": [], "external_methods": [], "published": [], "classes": [], "methods": [], "calls": [], "search-terms": [], "state": 2, "file_id": 11, "knowledge_revision": 20, "git_revision": "8471a6a12e8652ced5aed9ef8559d9134eb945dc", "hash": "005b6b06219ad1067644bb39e69b4d6d", "format-version": 4, "code-base-name": "frontend_react_app", "filename": "README.md", "revision_history": [{"20": "8471a6a12e8652ced5aed9ef8559d9134eb945dc"}]}